-- Copyright (c) 1994-2015 Sage Software, Inc.  All rights reserved. 

-- Insert_WorkerRole_Data.sql
-- Insert data

SET ANSI_NULLS ON
SET QUOTED_IDENTIFIER ON

BEGIN
  INSERT INTO [dbo].[WorkflowKind](WorkflowKindId, UniqueName, MaxRetries)VALUES (1, 'ClearHistory', 3)
  INSERT INTO [dbo].[WorkflowKind](WorkflowKindId, UniqueName, MaxRetries)VALUES (2, 'CreateNewYear', 3)
  INSERT INTO [dbo].[WorkflowKind](WorkflowKindId, UniqueName, MaxRetries)VALUES (3, 'PeriodEndMaintenance', 3)
  INSERT INTO [dbo].[WorkflowKind](WorkflowKindId, UniqueName, MaxRetries)VALUES (4, 'CreateRecurringEntriesBatch', 3)
  INSERT INTO [dbo].[WorkflowKind](WorkflowKindId, UniqueName, MaxRetries)VALUES (5, 'PostJournal', 3)
  INSERT INTO [dbo].[WorkflowKind](WorkflowKindId, UniqueName, MaxRetries)VALUES (6, 'BatchList', 3)
  INSERT INTO [dbo].[WorkflowKind](WorkflowKindId, UniqueName, MaxRetries)VALUES (7, 'PostJournalUpdateClear', 3)
  INSERT INTO [dbo].[WorkflowKind](WorkflowKindId, UniqueName, MaxRetries)VALUES (8, 'BatchStatus', 3)
  INSERT INTO [dbo].[WorkflowKind](WorkflowKindId, UniqueName, MaxRetries)VALUES (9, 'ExportJournalEntry', 3)
  INSERT INTO [dbo].[WorkflowKind](WorkflowKindId, UniqueName, MaxRetries)VALUES (10, 'ImportJournalEntry', 3)
  INSERT INTO [dbo].[WorkflowKind](WorkflowKindId, UniqueName, MaxRetries)VALUES (11, 'CreateRecurPayBatch', 3)
  INSERT INTO [dbo].[WorkflowKind](WorkflowKindId, UniqueName, MaxRetries)VALUES (12, 'PostBatch', 3)
  INSERT INTO [dbo].[WorkflowKind](WorkflowKindId, UniqueName, MaxRetries)VALUES (13, 'APProcessYearEnd', 3)
  INSERT INTO [dbo].[WorkflowKind](WorkflowKindId, UniqueName, MaxRetries)VALUES (14, 'APCreateGLBatch', 3)
  INSERT INTO [dbo].[WorkflowKind](WorkflowKindId, UniqueName, MaxRetries)VALUES (15, 'ARCreateGLBatch', 3)
  INSERT INTO [dbo].[WorkflowKind](WorkflowKindId, UniqueName, MaxRetries)VALUES (16, 'ARProcessYearEnd', 3)
  INSERT INTO [dbo].[WorkflowKind](WorkflowKindId, UniqueName, MaxRetries)VALUES (17, 'InvoiceBatchList', 3)
  INSERT INTO [dbo].[WorkflowKind](WorkflowKindId, UniqueName, MaxRetries)VALUES (18, 'DayEndProcessing', 3)
  INSERT INTO [dbo].[WorkflowKind](WorkflowKindId, UniqueName, MaxRetries)VALUES (19, 'DataIntegrity', 3)
  INSERT INTO [dbo].[WorkflowKind](WorkflowKindId, UniqueName, MaxRetries)VALUES (20, 'ICCreateGLBatch', 3)
  INSERT INTO [dbo].[WorkflowKind](WorkflowKindId, UniqueName, MaxRetries)VALUES (21, 'PaymentBatchList', 3)
  INSERT INTO [dbo].[WorkflowKind](WorkflowKindId, UniqueName, MaxRetries)VALUES (22, 'APPostBatch', 3)
  INSERT INTO [dbo].[WorkflowKind](WorkflowKindId, UniqueName, MaxRetries)VALUES (23, 'APAgedPayableReport', 3)
  INSERT INTO [dbo].[WorkflowKind](WorkflowKindId, UniqueName, MaxRetries)VALUES (24, 'APAgeRetainage', 3)
  INSERT INTO [dbo].[WorkflowKind](WorkflowKindId, UniqueName, MaxRetries)VALUES (25, 'APSelectVendors', 3)
  INSERT INTO [dbo].[WorkflowKind](WorkflowKindId, UniqueName, MaxRetries)VALUES (26, 'AgedCashRequirementReport', 3)
  INSERT INTO [dbo].[WorkflowKind](WorkflowKindId, UniqueName, MaxRetries)VALUES (27, 'CSClearHistory', 3)
  INSERT INTO [dbo].[WorkflowKind](WorkflowKindId, UniqueName, MaxRetries)VALUES (28, 'ImportOFXStatement', 3)
  INSERT INTO [dbo].[WorkflowKind](WorkflowKindId, UniqueName, MaxRetries)VALUES (29,'DeleteBlobs',3)
  INSERT INTO [dbo].[WorkflowKind](WorkflowKindId, UniqueName, MaxRetries)VALUES (30,'ARInvoiceBatchList',3)
  INSERT INTO [dbo].[WorkflowKind](WorkflowKindId, UniqueName, MaxRetries)VALUES (31,'PostEntries',3)
  INSERT INTO [dbo].[WorkflowKind](WorkflowKindId, UniqueName, MaxRetries)VALUES (32,'ARCreateInterestBatch',3)
  INSERT INTO [dbo].[WorkflowKind](WorkflowKindId, UniqueName, MaxRetries)VALUES (33, 'ControlPayment', 3)
  INSERT INTO [dbo].[WorkflowKind](WorkflowKindId, UniqueName, MaxRetries)VALUES (34, 'AR UpdatePrintStatus', 3)
  INSERT INTO [dbo].[WorkflowKind](WorkflowKindId, UniqueName, MaxRetries)VALUES (35, 'ARReceiptBatchList', 3)
  INSERT INTO [dbo].[WorkflowKind](WorkflowKindId, UniqueName, MaxRetries)VALUES (36, 'Bank Reconciliation Clearing', 3)
  INSERT INTO [dbo].[WorkflowKind](WorkflowKindId, UniqueName, MaxRetries)VALUES (37, 'AR Select Customer', 3)
  INSERT INTO [dbo].[WorkflowKind](WorkflowKindId, UniqueName, MaxRetries)VALUES (38, 'ARAgedRetainageDocument', 3)
  INSERT INTO [dbo].[WorkflowKind](WorkflowKindId, UniqueName, MaxRetries)VALUES (39, 'CreateStatement', 3)
  INSERT INTO [dbo].[WorkflowKind](WorkflowKindId, UniqueName, MaxRetries)VALUES (40, 'CPRSElectronicFiling', 3)
  INSERT INTO [dbo].[WorkflowKind](WorkflowKindId, UniqueName, MaxRetries)VALUES (41, 'ReverseTransaction', 3)
  INSERT INTO [dbo].[WorkflowKind](WorkflowKindId, UniqueName, MaxRetries)VALUES (42, 'APLetterAndLabelEmail', 3)
  INSERT INTO [dbo].[WorkflowKind](WorkflowKindId, UniqueName, MaxRetries)VALUES (43, 'ARInvoiceEmail', 3)

  INSERT INTO [dbo].[WorkflowKind](WorkflowKindId, UniqueName, MaxRetries)VALUES (45,'PostReconciliation',3)
  INSERT INTO [dbo].[WorkflowKind](WorkflowKindId, UniqueName, MaxRetries)VALUES (46,'APCprsAmountchecking',3)
  INSERT INTO [dbo].[WorkflowKind](WorkflowKindId, UniqueName, MaxRetries)VALUES (47,'APUpdatePrintStatus',3)
  INSERT INTO [dbo].[WorkflowKind](WorkflowKindId, UniqueName, MaxRetries)VALUES (48,'ARAgedDocument',3)
  INSERT INTO [dbo].[WorkflowKind](WorkflowKindId, UniqueName, MaxRetries)VALUES (49, 'ARStatementLetterLabel', 3)
  INSERT INTO [dbo].[WorkflowKind](WorkflowKindId, UniqueName, MaxRetries)VALUES (50, 'ARReceiptEmail', 3)
  INSERT INTO [dbo].[WorkflowKind](WorkflowKindId, UniqueName, MaxRetries)VALUES (51, 'APPrint10991096FormReport', 3)

  INSERT INTO [dbo].[WorkflowKind](WorkflowKindId, UniqueName, MaxRetries)VALUES (53, 'ARLabel', 3)
  INSERT INTO [dbo].[WorkflowKind](WorkflowKindId, UniqueName, MaxRetries)VALUES (54, 'POCreateBatch', 3)
  INSERT INTO [dbo].[WorkflowKind](WorkflowKindId, UniqueName, MaxRetries)VALUES (55, 'VendorTransaction', 3)
  INSERT INTO [dbo].[WorkflowKind](WorkflowKindId, UniqueName, MaxRetries)VALUES (56, 'OEReportService', 3)
  INSERT INTO [dbo].[WorkflowKind](WorkflowKindId, UniqueName, MaxRetries)VALUES (57, 'BKQuickClearing', 3)
  INSERT INTO [dbo].[WorkflowKind](WorkflowKindId, UniqueName, MaxRetries)VALUES (58, 'BKReconcileStatement', 3)
  INSERT INTO [dbo].[WorkflowKind](WorkflowKindId, UniqueName, MaxRetries)VALUES (59, 'CreatePaymentBatch', 3)
  INSERT INTO [dbo].[WorkflowKind](WorkflowKindId, UniqueName, MaxRetries)VALUES (60, 'OECreateBatch', 3)
  	INSERT INTO [dbo].[WorkflowKind](WorkflowKindId, UniqueName, MaxRetries)VALUES (61 , 'POClearHistory', 3)
  INSERT INTO [dbo].[WorkflowKind](WorkflowKindId, UniqueName, MaxRetries)VALUES (62, 'ICResetPrintedPostingJournal', 3)

  INSERT INTO [dbo].[WorkflowKind](WorkflowKindId, UniqueName, MaxRetries)VALUES (64, 'POMarkPostingJournalsPrinted', 3)
  INSERT INTO [dbo].[WorkflowKind](WorkflowKindId, UniqueName, MaxRetries)VALUES (65, 'SearchIndexerService', 3)
  	INSERT INTO [dbo].[WorkflowKind](WorkflowKindId, UniqueName, MaxRetries)VALUES (66 , 'OEClearHistory', 3)
  INSERT INTO [dbo].[WorkflowKind](WorkflowKindId, UniqueName, MaxRetries)VALUES (67, 'CreatePOsFromIC', 3)

  INSERT INTO [dbo].[WorkflowKind](WorkflowKindId, UniqueName, MaxRetries)VALUES (69, 'CreatePOsFromOE', 3)
  INSERT INTO [dbo].[WorkflowKind](WorkflowKindId, UniqueName, MaxRetries)VALUES (70, 'OEFlagPrintedRecord', 3)
  	INSERT INTO [dbo].[WorkflowKind](WorkflowKindId, UniqueName, MaxRetries)VALUES (71, 'OrderConfirmationEmail', 3)
	INSERT INTO [dbo].[WorkflowKind](WorkflowKindId, UniqueName, MaxRetries)VALUES (72, 'QuoteEmail', 3)	
  INSERT INTO [dbo].[WorkflowKind](WorkflowKindId, UniqueName, MaxRetries)VALUES (73, 'ICProcessTransaction', 3)
  INSERT INTO [dbo].[WorkflowKind](WorkflowKindId, UniqueName, MaxRetries)VALUES (74, 'PurchaseOrderReport', 3)
  	INSERT INTO [dbo].[WorkflowKind](WorkflowKindId, UniqueName, MaxRetries)VALUES (75, 'ICUpdateItemPricing', 3)	
	INSERT INTO [dbo].[WorkflowKind](WorkflowKindId, UniqueName, MaxRetries)VALUES (76, 'GenerateInventoryWorksheet', 3)
  INSERT INTO [dbo].[WorkflowKind](WorkflowKindId, UniqueName, MaxRetries)VALUES (77, 'PurchaseOrderEmail', 3)	
  INSERT INTO [dbo].[WorkflowKind](WorkflowKindId, UniqueName, MaxRetries)VALUES (78, 'CreatePOsFromRequisition', 3)
  	INSERT INTO [dbo].[WorkflowKind](WorkflowKindId, UniqueName, MaxRetries)VALUES (79, 'OEQuoteProcess', 3)
	INSERT INTO [dbo].[WorkflowKind](WorkflowKindId, UniqueName, MaxRetries)VALUES (80, 'OrderConfirmationReportProcess', 3)
	INSERT INTO [dbo].[WorkflowKind](WorkflowKindId, UniqueName, MaxRetries)VALUES (81, 'PoReturnReportServices', 3)
	INSERT INTO [dbo].[WorkflowKind](WorkflowKindId, UniqueName, MaxRetries)VALUES (82, 'OEInvoiceReportProcess', 3)
		INSERT INTO [dbo].[WorkflowKind](WorkflowKindId, UniqueName, MaxRetries)VALUES (83, 'PoMailingLabelServices', 3)
  INSERT INTO [dbo].[WorkflowKind](WorkflowKindId, UniqueName, MaxRetries)VALUES (84, 'ReturnReportEmail', 3)
  INSERT INTO [dbo].[WorkflowKind](WorkflowKindId, UniqueName, MaxRetries)VALUES (85, 'InventoryReconciliationPosting', 3)
  	INSERT INTO [dbo].[WorkflowKind](WorkflowKindId, UniqueName, MaxRetries)VALUES (86, 'OEShippingLabelProcess', 3)
	INSERT INTO [dbo].[WorkflowKind](WorkflowKindId, UniqueName, MaxRetries)VALUES (87, 'OEInvoiceReportEmail', 3)
	INSERT INTO [dbo].[WorkflowKind](WorkflowKindId, UniqueName, MaxRetries)VALUES (88, 'OECreditDebitReportEmail', 3)	
	INSERT INTO [dbo].[WorkflowKind](WorkflowKindId, UniqueName, MaxRetries)VALUES (89, 'OECreditDebitProcess', 3)	
INSERT INTO [dbo].[WorkflowKind](WorkflowKindId, UniqueName, MaxRetries)VALUES (90, 'PoRequisitionReportProcess', 3)
	INSERT INTO [dbo].[WorkflowKind](WorkflowKindId, UniqueName, MaxRetries)VALUES (91, 'PoMailingProcessService', 3)
	INSERT INTO [dbo].[WorkflowKind](WorkflowKindId, UniqueName, MaxRetries)VALUES (92, 'OEPickingSlipReportProcess', 3)
INSERT INTO [dbo].[WorkflowKind](WorkflowKindId, UniqueName, MaxRetries)VALUES (93, 'ICMarkLabelsPrinted', 3)
	INSERT INTO [dbo].[WorkflowKind](WorkflowKindId, UniqueName, MaxRetries)VALUES (94, 'ICProcessAdjustment', 3)
	INSERT INTO [dbo].[WorkflowKind](WorkflowKindId, UniqueName, MaxRetries)VALUES (95, 'GLClearHistory', 3)
	INSERT INTO [dbo].[WorkflowKind](WorkflowKindId, UniqueName, MaxRetries)VALUES (96, 'APRevaluation', 3)
	INSERT INTO [dbo].[WorkflowKind](WorkflowKindId, UniqueName, MaxRetries)VALUES (97, 'ARRevaluation', 3)
INSERT INTO [dbo].[WorkflowKind](WorkflowKindId, UniqueName, MaxRetries)VALUES (98, 'PoReceivingSlipReportProcess', 3)
INSERT INTO [dbo].[WorkflowKind](WorkflowKindId, UniqueName, MaxRetries)VALUES (100, 'GLCreateAllocationBatch', 3)
INSERT INTO [dbo].[WorkflowKind](WorkflowKindId, UniqueName, MaxRetries)VALUES (101, 'BKBankDepositPrintingFunction', 3)
INSERT INTO [dbo].[WorkflowKind](WorkflowKindId, UniqueName, MaxRetries)VALUES (102, 'APDeleteInactiveRecord', 3)
INSERT INTO [dbo].[WorkflowKind](WorkflowKindId, UniqueName, MaxRetries)VALUES (103, 'ICDeleteInactiveRecord', 3)
	INSERT INTO [dbo].[WorkflowKind](WorkflowKindId, UniqueName, MaxRetries)VALUES (104, 'ICClearHistory', 3)
	INSERT INTO [dbo].[WorkflowKind](WorkflowKindId, UniqueName, MaxRetries)VALUES (105, 'ICCopyItemPricing', 3)
INSERT INTO [dbo].[WorkflowKind](WorkflowKindId, UniqueName, MaxRetries)VALUES (106, 'RefundBatchList', 3)
  INSERT INTO [dbo].[WorkflowKind](WorkflowKindId, UniqueName, MaxRetries)VALUES (108, 'GLCreateAccount', 3)
INSERT INTO [dbo].[WorkflowKind](WorkflowKindId, UniqueName, MaxRetries)VALUES (115, 'ARCreateRecurringCharge', 3)
INSERT INTO [dbo].[WorkflowKind](WorkflowKindId, UniqueName, MaxRetries)VALUES (116, 'ICQuarantineRelease', 3)
INSERT INTO [dbo].[WorkflowKind](WorkflowKindId, UniqueName, MaxRetries)VALUES (117, 'ARCreateRetainageBatch', 3)
INSERT INTO [dbo].[WorkflowKind](WorkflowKindId, UniqueName, MaxRetries)VALUES (118, 'APCreateRetainageDocumentBatch', 3)
INSERT INTO [dbo].[WorkflowKind](WorkflowKindId, UniqueName, MaxRetries)VALUES (119, 'ARCreateWriteOffBatch', 3)
    INSERT INTO [dbo].[WorkflowKind](WorkflowKindId, UniqueName, MaxRetries)VALUES (120, 'ARClearHistory', 3)
INSERT INTO [dbo].[WorkflowKind](WorkflowKindId, UniqueName, MaxRetries)VALUES (121, 'ARAdjustmentBatchList', 3)
INSERT INTO [dbo].[WorkflowKind](WorkflowKindId, UniqueName, MaxRetries)VALUES (123, 'ICSerialRegistration', 3)
INSERT INTO [dbo].[WorkflowKind](WorkflowKindId, UniqueName, MaxRetries)VALUES (124, 'APClearStatistic', 3)
INSERT INTO [dbo].[WorkflowKind](WorkflowKindId, UniqueName, MaxRetries)VALUES (127, 'ARDeleteInactiveRecord', 3)
INSERT INTO [dbo].[WorkflowKind](WorkflowKindId, UniqueName, MaxRetries)VALUES (128, 'ARClearStatistic', 3)
    INSERT INTO [dbo].[WorkflowKind](WorkflowKindId, UniqueName, MaxRetries)VALUES (130, 'APClearHistory', 3)
	INSERT INTO [dbo].[WorkflowKind](WorkflowKindId, UniqueName, MaxRetries)VALUES (133, 'APAdjustmentBatchList', 3)
	INSERT INTO [dbo].[WorkflowKind](WorkflowKindId, UniqueName, MaxRetries)VALUES (134, 'GLConsolidatePostedTransaction', 3)
	INSERT INTO [dbo].[WorkflowKind](WorkflowKindId, UniqueName, MaxRetries)VALUES (135, 'ARUpdateRecurringCharge', 3)

END
GO

BEGIN
  INSERT INTO [dbo].[WorkflowSchedule]  (TenantId ,InitiatorId,WorkflowKindId ,IsRunning ,Interval,StartTime,NextRunTime,SeedEntity,AggregateEntity)
  VALUES  ('00000000-0000-0000-0000-000000000000','00000000-0000-0000-0000-000000000000',29,0,36000000000,GetDate(),null,null,null)
  INSERT INTO [dbo].[WorkflowSchedule]  (TenantId ,InitiatorId,WorkflowKindId ,IsRunning ,Interval,StartTime,NextRunTime,SeedEntity,AggregateEntity)
  VALUES  ('00000000-0000-0000-0000-000000000000','00000000-0000-0000-0000-000000000000',65,0,36000000000,GetDate(),null,null,null)
END
GO

BEGIN
  INSERT INTO [dbo].[WorkStatus](WorkStatusId, Name) VALUES(1, 'Executing')
  INSERT INTO [dbo].[WorkStatus](WorkStatusId, Name) VALUES(2, 'Completed')
  INSERT INTO [dbo].[WorkStatus](WorkStatusId, Name) VALUES(3, 'Error')
END
GO

SET IDENTITY_INSERT UnitOfWorkKind ON

BEGIN
  INSERT INTO [dbo].[UnitOfWorkKind](UnitOfWorkKindId, WorkflowKindId, UniqueName, AssemblyName, TypeName, ExecutionOrder, IsAsynchronous) VALUES(1, 1, 'Clear History', 'Sage.CA.SBS.ERP.Sage300.GL.Services', 'Sage.CA.SBS.ERP.Sage300.GL.Services.UnitOfWork.ClearHistoryUow', 1, 0)
  INSERT INTO [dbo].[UnitOfWorkKind](UnitOfWorkKindId, WorkflowKindId, UniqueName, AssemblyName, TypeName, ExecutionOrder, IsAsynchronous) VALUES(2, 2, 'Create New Year', 'Sage.CA.SBS.ERP.Sage300.GL.Services', 'Sage.CA.SBS.ERP.Sage300.GL.Services.UnitOfWork.CreateNewYearUow', 1, 0)
  INSERT INTO [dbo].[UnitOfWorkKind](UnitOfWorkKindId, WorkflowKindId, UniqueName, AssemblyName, TypeName, ExecutionOrder, IsAsynchronous) VALUES(3, 3, 'Period End Maintenance', 'Sage.CA.SBS.ERP.Sage300.GL.Services', 'Sage.CA.SBS.ERP.Sage300.GL.Services.UnitOfWork.PeriodEndMaintenanceUow', 1, 0)
  INSERT INTO [dbo].[UnitOfWorkKind](UnitOfWorkKindId, WorkflowKindId, UniqueName, AssemblyName, TypeName, ExecutionOrder, IsAsynchronous) VALUES(4, 4, 'Create Recurring Entries Batch', 'Sage.CA.SBS.ERP.Sage300.GL.Services', 'Sage.CA.SBS.ERP.Sage300.GL.Services.UnitOfWork.CreateRecurringEntriesBatchUow', 1, 0)
  INSERT INTO [dbo].[UnitOfWorkKind](UnitOfWorkKindId, WorkflowKindId, UniqueName, AssemblyName, TypeName, ExecutionOrder, IsAsynchronous) VALUES(5, 5, 'Post Journal', 'Sage.CA.SBS.ERP.Sage300.GL.Services', 'Sage.CA.SBS.ERP.Sage300.GL.Services.UnitOfWork.PostJournalUow', 1, 0)
  INSERT INTO [dbo].[UnitOfWorkKind](UnitOfWorkKindId, WorkflowKindId, UniqueName, AssemblyName, TypeName, ExecutionOrder, IsAsynchronous) VALUES(6, 6, 'Batch List', 'Sage.CA.SBS.ERP.Sage300.GL.Services', 'Sage.CA.SBS.ERP.Sage300.GL.Services.UnitOfWork.BatchListUow', 1, 0)
  INSERT INTO [dbo].[UnitOfWorkKind](UnitOfWorkKindId, WorkflowKindId, UniqueName, AssemblyName, TypeName, ExecutionOrder, IsAsynchronous) VALUES(7, 7, 'Posting Journal Update Clear', 'Sage.CA.SBS.ERP.Sage300.GL.Services', 'Sage.CA.SBS.ERP.Sage300.GL.Services.UnitOfWork.PostingJournalUpdateClearUow', 1, 0)
  INSERT INTO [dbo].[UnitOfWorkKind](UnitOfWorkKindId, WorkflowKindId, UniqueName, AssemblyName, TypeName, ExecutionOrder, IsAsynchronous) VALUES(8, 8, 'Batch Status', 'Sage.CA.SBS.ERP.Sage300.GL.Services', 'Sage.CA.SBS.ERP.Sage300.GL.Services.UnitOfWork.BatchStatusUow', 1, 0)
  INSERT INTO [dbo].[UnitOfWorkKind](UnitOfWorkKindId, WorkflowKindId, UniqueName, AssemblyName, TypeName, ExecutionOrder, IsAsynchronous) VALUES(9, 9, 'ExportJournalEntry', 'Sage.CA.SBS.ERP.Sage300.Common.Services', 'Sage.CA.SBS.ERP.Sage300.Common.Services.UnitOfWork.ExportUow', 1, 1)
  INSERT INTO [dbo].[UnitOfWorkKind](UnitOfWorkKindId, WorkflowKindId, UniqueName, AssemblyName, TypeName, ExecutionOrder, IsAsynchronous) VALUES(10, 10, 'ImportJournalEntry', 'Sage.CA.SBS.ERP.Sage300.Common.Services', 'Sage.CA.SBS.ERP.Sage300.Common.Services.UnitOfWork.ImportUow', 1, 1)
  INSERT INTO [dbo].[UnitOfWorkKind](UnitOfWorkKindId, WorkflowKindId, UniqueName, AssemblyName, TypeName, ExecutionOrder, IsAsynchronous) VALUES(11, 11, 'CreateRecurPayBatch', 'Sage.CA.SBS.ERP.Sage300.AP.Services', 'Sage.CA.SBS.ERP.Sage300.AP.Services.UnitOfWork.CreateRecurPayBatchUow', 1, 1)
  INSERT INTO [dbo].[UnitOfWorkKind](UnitOfWorkKindId, WorkflowKindId, UniqueName, AssemblyName, TypeName, ExecutionOrder, IsAsynchronous) VALUES(12, 12, 'PostBatch', 'Sage.CA.SBS.ERP.Sage300.AR.Services', 'Sage.CA.SBS.ERP.Sage300.AR.Services.UnitOfWork.PostBatchUow', 1, 1)
  INSERT INTO [dbo].[UnitOfWorkKind](UnitOfWorkKindId, WorkflowKindId, UniqueName, AssemblyName, TypeName, ExecutionOrder, IsAsynchronous) VALUES(13, 13, 'APProcessYearEnd', 'Sage.CA.SBS.ERP.Sage300.AP.Services', 'Sage.CA.SBS.ERP.Sage300.AP.Services.UnitOfWork.ProcessYearEndUow', 1, 1)
  INSERT INTO [dbo].[UnitOfWorkKind](UnitOfWorkKindId, WorkflowKindId, UniqueName, AssemblyName, TypeName, ExecutionOrder, IsAsynchronous) VALUES(14, 14, 'APCreateGLBatch', 'Sage.CA.SBS.ERP.Sage300.AP.Services', 'Sage.CA.SBS.ERP.Sage300.AP.Services.UnitOfWork.CreateGLBatchUow', 1, 1)
  INSERT INTO [dbo].[UnitOfWorkKind](UnitOfWorkKindId, WorkflowKindId, UniqueName, AssemblyName, TypeName, ExecutionOrder, IsAsynchronous) VALUES(15, 15, 'ARCreateGLBatch', 'Sage.CA.SBS.ERP.Sage300.AR.Services', 'Sage.CA.SBS.ERP.Sage300.AR.Services.UnitOfWork.CreateGLBatchUow', 1, 1)
  INSERT INTO [dbo].[UnitOfWorkKind](UnitOfWorkKindId, WorkflowKindId, UniqueName, AssemblyName, TypeName, ExecutionOrder, IsAsynchronous) VALUES(16, 16, 'ARProcessYearEnd', 'Sage.CA.SBS.ERP.Sage300.AR.Services', 'Sage.CA.SBS.ERP.Sage300.AR.Services.UnitOfWork.ProcessYearEndUow', 1, 1)
  INSERT INTO [dbo].[UnitOfWorkKind](UnitOfWorkKindId, WorkflowKindId, UniqueName, AssemblyName, TypeName, ExecutionOrder, IsAsynchronous) VALUES(17, 17, 'InvoiceBatchList', 'Sage.CA.SBS.ERP.Sage300.AP.Services', 'Sage.CA.SBS.ERP.Sage300.AP.Services.UnitOfWork.InvoiceBatchListUow', 1, 0)
  INSERT INTO [dbo].[UnitOfWorkKind](UnitOfWorkKindId, WorkflowKindId, UniqueName, AssemblyName, TypeName, ExecutionOrder, IsAsynchronous) VALUES(18, 18, 'DayEndProcessing', 'Sage.CA.SBS.ERP.Sage300.IC.Services', 'Sage.CA.SBS.ERP.Sage300.IC.Services.UnitOfWork.DayEndProcessingUow', 1, 1)
  INSERT INTO [dbo].[UnitOfWorkKind](UnitOfWorkKindId, WorkflowKindId, UniqueName, AssemblyName, TypeName, ExecutionOrder, IsAsynchronous) VALUES(19, 19, 'DataIntegrity', 'Sage.CA.SBS.ERP.Sage300.AS.Services', 'Sage.CA.SBS.ERP.Sage300.AS.Services.UnitOfWork.DataIntegrityUow', 1, 1)
  INSERT INTO [dbo].[UnitOfWorkKind](UnitOfWorkKindId, WorkflowKindId, UniqueName, AssemblyName, TypeName, ExecutionOrder, IsAsynchronous) VALUES(20, 20, 'ICCreateGLBatch', 'Sage.CA.SBS.ERP.Sage300.IC.Services', 'Sage.CA.SBS.ERP.Sage300.IC.Services.UnitOfWork.CreateGLBatchUow', 1, 1)
  INSERT INTO [dbo].[UnitOfWorkKind](UnitOfWorkKindId, WorkflowKindId, UniqueName, AssemblyName, TypeName, ExecutionOrder, IsAsynchronous) VALUES(21, 21, 'PaymentBatchList', 'Sage.CA.SBS.ERP.Sage300.AP.Services', 'Sage.CA.SBS.ERP.Sage300.AP.Services.UnitOfWork.PaymentBatchListUow', 1, 1)
  INSERT INTO [dbo].[UnitOfWorkKind](UnitOfWorkKindId, WorkflowKindId, UniqueName, AssemblyName, TypeName, ExecutionOrder, IsAsynchronous) VALUES(22, 22, 'APPostBatch', 'Sage.CA.SBS.ERP.Sage300.AP.Services', 'Sage.CA.SBS.ERP.Sage300.AP.Services.UnitOfWork.PostBatchUow', 1, 1)
  INSERT INTO [dbo].[UnitOfWorkKind](UnitOfWorkKindId, WorkflowKindId, UniqueName, AssemblyName, TypeName, ExecutionOrder, IsAsynchronous) VALUES(23, 23, 'APAgedPayableReport', 'Sage.CA.SBS.ERP.Sage300.AP.Services', 'Sage.CA.SBS.ERP.Sage300.AP.Services.UnitOfWork.AgeDocumentUow', 1, 1)
  INSERT INTO [dbo].[UnitOfWorkKind](UnitOfWorkKindId, WorkflowKindId, UniqueName, AssemblyName, TypeName, ExecutionOrder, IsAsynchronous) VALUES(24, 24, 'APAgeRetainage', 'Sage.CA.SBS.ERP.Sage300.AP.Services', 'Sage.CA.SBS.ERP.Sage300.AP.Services.UnitOfWork.AgeRetainageDocumentUow', 1, 1)
  INSERT INTO [dbo].[UnitOfWorkKind](UnitOfWorkKindId, WorkflowKindId, UniqueName, AssemblyName, TypeName, ExecutionOrder, IsAsynchronous) VALUES(25, 25, 'APSelectVendors', 'Sage.CA.SBS.ERP.Sage300.AP.Services', 'Sage.CA.SBS.ERP.Sage300.AP.Services.UnitOfWork.SelectVendorUow', 1, 1)
  INSERT INTO [dbo].[UnitOfWorkKind](UnitOfWorkKindId, WorkflowKindId, UniqueName, AssemblyName, TypeName, ExecutionOrder, IsAsynchronous) VALUES(26, 26, 'AgedCashRequirementReport', 'Sage.CA.SBS.ERP.Sage300.AP.Services', 'Sage.CA.SBS.ERP.Sage300.AP.Services.UnitOfWork.AgeDocumentUow', 1, 1)
  INSERT INTO [dbo].[UnitOfWorkKind](UnitOfWorkKindId, WorkflowKindId, UniqueName, AssemblyName, TypeName, ExecutionOrder, IsAsynchronous) VALUES(27, 27, 'CSClearHistory', 'Sage.CA.SBS.ERP.Sage300.CS.Services', 'Sage.CA.SBS.ERP.Sage300.CS.Services.UnitOfWork.BankClearHistoryUow', 1, 1)
  INSERT INTO [dbo].[UnitOfWorkKind](UnitOfWorkKindId, WorkflowKindId, UniqueName, AssemblyName, TypeName, ExecutionOrder, IsAsynchronous) VALUES(28, 28, 'Import OFX Statement', 'Sage.CA.SBS.ERP.Sage300.CS.Services', 'Sage.CA.SBS.ERP.Sage300.CS.Services.UnitOfWork.ImportOFXStatementUow', 1, 1)
  INSERT INTO [dbo].[UnitOfWorkKind](UnitOfWorkKindId, WorkflowKindId, UniqueName, AssemblyName, TypeName, ExecutionOrder, IsAsynchronous) VALUES(29, 29, 'DeleteBlobs','Sage.CA.SBS.ERP.Sage300.Common.Services' ,'Sage.CA.SBS.ERP.Sage300.Common.Services.UnitOfWork.DeleteBlobUow' ,1 ,1)
  INSERT INTO [dbo].[UnitOfWorkKind](UnitOfWorkKindId, WorkflowKindId, UniqueName, AssemblyName, TypeName, ExecutionOrder, IsAsynchronous) VALUES(30, 30, 'ARInvoiceBatchList', 'Sage.CA.SBS.ERP.Sage300.AR.Services', 'Sage.CA.SBS.ERP.Sage300.AR.Services.UnitOfWork.InvoiceBatchListUow', 1, 0)
  INSERT INTO [dbo].[UnitOfWorkKind](UnitOfWorkKindId, WorkflowKindId, UniqueName, AssemblyName, TypeName, ExecutionOrder, IsAsynchronous) VALUES(31, 31, 'PostEntries','Sage.CA.SBS.ERP.Sage300.CS.Services' ,'Sage.CA.SBS.ERP.Sage300.CS.Services.UnitOfWork.PostEntriesUow' ,1 ,1)
  INSERT INTO [dbo].[UnitOfWorkKind](UnitOfWorkKindId, WorkflowKindId, UniqueName, AssemblyName, TypeName, ExecutionOrder, IsAsynchronous) VALUES(32, 32, 'ARCreateInterestBatch', 'Sage.CA.SBS.ERP.Sage300.AR.Services', 'Sage.CA.SBS.ERP.Sage300.AR.Services.UnitOfWork.CreateInterestBatchUow', 1, 1)
  INSERT INTO [dbo].[UnitOfWorkKind](UnitOfWorkKindId, WorkflowKindId, UniqueName, AssemblyName, TypeName, ExecutionOrder, IsAsynchronous) VALUES(33, 33, 'ControlPayment', 'Sage.CA.SBS.ERP.Sage300.AP.Services', 'Sage.CA.SBS.ERP.Sage300.AP.Services.UnitOfWork.ControlPaymentUow', 1, 0)
  INSERT INTO [dbo].[UnitOfWorkKind](UnitOfWorkKindId, WorkflowKindId, UniqueName, AssemblyName, TypeName, ExecutionOrder, IsAsynchronous) VALUES(34, 34, 'AR UpdatePrintStatus', 'Sage.CA.SBS.ERP.Sage300.AR.Services', 'Sage.CA.SBS.ERP.Sage300.AR.Services.UnitOfWork.UpdatePrintStatusUow', 1, 1)
  INSERT INTO [dbo].[UnitOfWorkKind](UnitOfWorkKindId, WorkflowKindId, UniqueName, AssemblyName, TypeName, ExecutionOrder, IsAsynchronous) VALUES(35, 35, 'AR Receipt Batch List', 'Sage.CA.SBS.ERP.Sage300.AR.Services', 'Sage.CA.SBS.ERP.Sage300.AR.Services.UnitOfWork.ReceiptBatchListUow', 1, 1)
  INSERT INTO [dbo].[UnitOfWorkKind](UnitOfWorkKindId, WorkflowKindId, UniqueName, AssemblyName, TypeName, ExecutionOrder, IsAsynchronous) VALUES(36, 36, 'Bank Reconciliation Clearing', 'Sage.CA.SBS.ERP.Sage300.CS.Services', 'Sage.CA.SBS.ERP.Sage300.CS.Services.UnitOfWork.BankReconciliationClearingUow', 1, 1)
  INSERT INTO [dbo].[UnitOfWorkKind](UnitOfWorkKindId, WorkflowKindId, UniqueName, AssemblyName, TypeName, ExecutionOrder, IsAsynchronous) VALUES(37, 37, 'AR Select Customers', 'Sage.CA.SBS.ERP.Sage300.AR.Services', 'Sage.CA.SBS.ERP.Sage300.AR.Services.UnitOfWork.SelectCustomerUow', 1, 1)
  INSERT INTO [dbo].[UnitOfWorkKind](UnitOfWorkKindId, WorkflowKindId, UniqueName, AssemblyName, TypeName, ExecutionOrder, IsAsynchronous) VALUES(38, 38, 'AR Aged Retainage Document', 'Sage.CA.SBS.ERP.Sage300.AR.Services', 'Sage.CA.SBS.ERP.Sage300.AR.Services.UnitOfWork.AgedRetainageDocumentUow', 1, 1)
  INSERT INTO [dbo].[UnitOfWorkKind](UnitOfWorkKindId, WorkflowKindId, UniqueName, AssemblyName, TypeName, ExecutionOrder, IsAsynchronous) VALUES(39, 39, 'CreateStatement', 'Sage.CA.SBS.ERP.Sage300.AR.Services', 'Sage.CA.SBS.ERP.Sage300.AR.Services.UnitOfWork.CreateStatementUow', 1, 1)
  INSERT INTO [dbo].[UnitOfWorkKind](UnitOfWorkKindId, WorkflowKindId, UniqueName, AssemblyName, TypeName, ExecutionOrder, IsAsynchronous) VALUES(40, 40, 'AP CPRS Electronic Filing', 'Sage.CA.SBS.ERP.Sage300.AP.Services', 'Sage.CA.SBS.ERP.Sage300.AP.Services.UnitOfWork.CPRSElectronicFilingUow', 1, 1)
  INSERT INTO [dbo].[UnitOfWorkKind](UnitOfWorkKindId, WorkflowKindId, UniqueName, AssemblyName, TypeName, ExecutionOrder, IsAsynchronous) VALUES(41, 41, 'ReverseTransaction', 'Sage.CA.SBS.ERP.Sage300.CS.Services', 'Sage.CA.SBS.ERP.Sage300.CS.Services.UnitOfWork.BankTransactionReversalUow', 1, 1)
  INSERT INTO [dbo].[UnitOfWorkKind](UnitOfWorkKindId, WorkflowKindId, UniqueName, AssemblyName, TypeName, ExecutionOrder, IsAsynchronous) VALUES(42, 42, 'AP LetterAndLabel Email', 'Sage.CA.SBS.ERP.Sage300.AP.Services', 'Sage.CA.SBS.ERP.Sage300.AP.Services.UnitOfWork.LetterAndLabelEmailUow', 1, 1)
  INSERT INTO [dbo].[UnitOfWorkKind](UnitOfWorkKindId, WorkflowKindId, UniqueName, AssemblyName, TypeName, ExecutionOrder, IsAsynchronous) VALUES(43, 43, 'AR InvoiceEmail', 'Sage.CA.SBS.ERP.Sage300.AR.Services', 'Sage.CA.SBS.ERP.Sage300.AR.Services.UnitOfWork.InvoiceEmailUow', 1, 1)

  INSERT INTO [dbo].[UnitOfWorkKind](UnitOfWorkKindId, WorkflowKindId, UniqueName, AssemblyName, TypeName, ExecutionOrder, IsAsynchronous) VALUES(45, 45, 'PostReconciliation','Sage.CA.SBS.ERP.Sage300.CS.Services' ,'Sage.CA.SBS.ERP.Sage300.CS.Services.UnitOfWork.PostReconciliationUow' ,1 ,1)
  INSERT INTO [dbo].[UnitOfWorkKind](UnitOfWorkKindId, WorkflowKindId, UniqueName, AssemblyName, TypeName, ExecutionOrder, IsAsynchronous) VALUES(46, 46, 'AP CprsAmountChecking', 'Sage.CA.SBS.ERP.Sage300.AP.Services', 'Sage.CA.SBS.ERP.Sage300.AP.Services.UnitOfWork.CprsAmountCheckingUow', 1, 1)
  INSERT INTO [dbo].[UnitOfWorkKind](UnitOfWorkKindId, WorkflowKindId, UniqueName, AssemblyName, TypeName, ExecutionOrder, IsAsynchronous) VALUES(47, 47, 'APUpdatePrintStatus', 'Sage.CA.SBS.ERP.Sage300.AP.Services', 'Sage.CA.SBS.ERP.Sage300.AP.Services.UnitOfWork.UpdatePrintStatusUow', 1, 1)
  INSERT INTO [dbo].[UnitOfWorkKind](UnitOfWorkKindId, WorkflowKindId, UniqueName, AssemblyName, TypeName, ExecutionOrder, IsAsynchronous) VALUES(48, 48, 'AR Age Document', 'Sage.CA.SBS.ERP.Sage300.AR.Services', 'Sage.CA.SBS.ERP.Sage300.AR.Services.UnitOfWork.AgeDocumentUow', 1, 1)
  INSERT INTO [dbo].[UnitOfWorkKind](UnitOfWorkKindId, WorkflowKindId, UniqueName, AssemblyName, TypeName, ExecutionOrder, IsAsynchronous) VALUES(49, 49, 'AR StatementEmail', 'Sage.CA.SBS.ERP.Sage300.AR.Services', 'Sage.CA.SBS.ERP.Sage300.AR.Services.UnitOfWork.StatementEmailUow', 1, 1)
  INSERT INTO [dbo].[UnitOfWorkKind](UnitOfWorkKindId, WorkflowKindId, UniqueName, AssemblyName, TypeName, ExecutionOrder, IsAsynchronous) VALUES(50, 50, 'AR ReceiptEmail', 'Sage.CA.SBS.ERP.Sage300.AR.Services', 'Sage.CA.SBS.ERP.Sage300.AR.Services.UnitOfWork.ReceiptEmailUow', 1, 1)
  INSERT INTO [dbo].[UnitOfWorkKind](UnitOfWorkKindId, WorkflowKindId, UniqueName, AssemblyName, TypeName, ExecutionOrder, IsAsynchronous) VALUES(51, 51, 'AP Print 10991096 Form Report', 'Sage.CA.SBS.ERP.Sage300.AP.Services', 'Sage.CA.SBS.ERP.Sage300.AP.Services.UnitOfWork.Print10991096FormReportUow', 1, 1)

  INSERT INTO [dbo].[UnitOfWorkKind](UnitOfWorkKindId, WorkflowKindId, UniqueName, AssemblyName, TypeName, ExecutionOrder, IsAsynchronous) VALUES(53, 53, 'AR Label', 'Sage.CA.SBS.ERP.Sage300.AR.Services', 'Sage.CA.SBS.ERP.Sage300.AR.Services.UnitOfWork.GenerateLabelUow', 1, 1)
  INSERT INTO [dbo].[UnitOfWorkKind](UnitOfWorkKindId, WorkflowKindId, UniqueName, AssemblyName, TypeName, ExecutionOrder, IsAsynchronous) VALUES(54, 54, 'PO Create Batch', 'Sage.CA.SBS.ERP.Sage300.PO.Services', 'Sage.CA.SBS.ERP.Sage300.PO.Services.UnitOfWork.CreateBatchUow', 1, 1)
  INSERT INTO [dbo].[UnitOfWorkKind](UnitOfWorkKindId, WorkflowKindId, UniqueName, AssemblyName, TypeName, ExecutionOrder, IsAsynchronous) VALUES(55, 55, 'VendorTransaction', 'Sage.CA.SBS.ERP.Sage300.AP.Services', 'Sage.CA.SBS.ERP.Sage300.AP.Services.UnitOfWork.SelectVendorUow', 1, 1)
  INSERT INTO [dbo].[UnitOfWorkKind](UnitOfWorkKindId, WorkflowKindId, UniqueName, AssemblyName, TypeName, ExecutionOrder, IsAsynchronous) VALUES(56, 56, 'OE Report Service', 'Sage.CA.SBS.ERP.Sage300.OE.Services', 'Sage.CA.SBS.ERP.Sage300.OE.Services.UnitOfWork.ReportServiceUow', 1, 1)
  INSERT INTO [dbo].[UnitOfWorkKind](UnitOfWorkKindId, WorkflowKindId, UniqueName, AssemblyName, TypeName, ExecutionOrder, IsAsynchronous) VALUES(57, 57, 'Bank Transaction Portal Superview Service', 'Sage.CA.SBS.ERP.Sage300.CS.Services', 'Sage.CA.SBS.ERP.Sage300.CS.Services.UnitOfWork.BankTransactionPortalSuperviewUow', 1, 1)
  INSERT INTO [dbo].[UnitOfWorkKind](UnitOfWorkKindId, WorkflowKindId, UniqueName, AssemblyName, TypeName, ExecutionOrder, IsAsynchronous) VALUES(58, 58, 'BKReconcileStatement', 'Sage.CA.SBS.ERP.Sage300.CS.Services', 'Sage.CA.SBS.ERP.Sage300.CS.Services.UnitOfWork.ReconcileStatementProcessUow', 1, 1)
  INSERT INTO [dbo].[UnitOfWorkKind](UnitOfWorkKindId, WorkflowKindId, UniqueName, AssemblyName, TypeName, ExecutionOrder, IsAsynchronous) VALUES(59, 59, 'CreatePaymentBatch',  'Sage.CA.SBS.ERP.Sage300.AP.Services', 'Sage.CA.SBS.ERP.Sage300.AP.Services.UnitOfWork.PaymentBatchUow', 1, 1)
  INSERT INTO [dbo].[UnitOfWorkKind](UnitOfWorkKindId, WorkflowKindId, UniqueName, AssemblyName, TypeName, ExecutionOrder, IsAsynchronous) VALUES(60, 60, 'OE Create Batch', 'Sage.CA.SBS.ERP.Sage300.OE.Services', 'Sage.CA.SBS.ERP.Sage300.OE.Services.UnitOfWork.CreateBatchUow', 1, 1)
	INSERT INTO [dbo].[UnitOfWorkKind](UnitOfWorkKindId, WorkflowKindId, UniqueName, AssemblyName, TypeName, ExecutionOrder, IsAsynchronous) VALUES(61, 61, 'PO Clear History', 'Sage.CA.SBS.ERP.Sage300.PO.Services', 'Sage.CA.SBS.ERP.Sage300.PO.Services.UnitOfWork.ClearHistoryUow', 1, 1)
  INSERT INTO [dbo].[UnitOfWorkKind](UnitOfWorkKindId, WorkflowKindId, UniqueName, AssemblyName, TypeName, ExecutionOrder, IsAsynchronous) VALUES(62, 62, 'ICResetPrintedPostingJournal', 'Sage.CA.SBS.ERP.Sage300.IC.Services', 'Sage.CA.SBS.ERP.Sage300.IC.Services.UnitOfWork.ResetPrintedPostingJournalUow', 1, 1)

  INSERT INTO [dbo].[UnitOfWorkKind](UnitOfWorkKindId, WorkflowKindId, UniqueName, AssemblyName, TypeName, ExecutionOrder, IsAsynchronous) VALUES(64, 64, 'POMarkPostingJournalsPrinted', 'Sage.CA.SBS.ERP.Sage300.PO.Services', 'Sage.CA.SBS.ERP.Sage300.PO.Services.UnitOfWork.MarkPostingJournalsPrintedUow', 1, 1)
  INSERT INTO [dbo].[UnitOfWorkKind](UnitOfWorkKindId, WorkflowKindId, UniqueName, AssemblyName, TypeName, ExecutionOrder, IsAsynchronous) VALUES(65, 65, 'Search Indexer Service', 'Sage.CA.SBS.ERP.Sage300.Common.Services' ,'Sage.CA.SBS.ERP.Sage300.Common.Services.UnitOfWork.SearchIndexerUow', 1, 1)
  	INSERT INTO [dbo].[UnitOfWorkKind](UnitOfWorkKindId, WorkflowKindId, UniqueName, AssemblyName, TypeName, ExecutionOrder, IsAsynchronous) VALUES(66, 66, 'OE Clear History', 'Sage.CA.SBS.ERP.Sage300.OE.Services', 'Sage.CA.SBS.ERP.Sage300.OE.Services.UnitOfWork.ClearHistoryUow', 1, 1)
  INSERT INTO [dbo].[UnitOfWorkKind](UnitOfWorkKindId, WorkflowKindId, UniqueName, AssemblyName, TypeName, ExecutionOrder, IsAsynchronous) VALUES(67, 67, 'CreatePOsFromIC', 'Sage.CA.SBS.ERP.Sage300.PO.Services', 'Sage.CA.SBS.ERP.Sage300.PO.Services.UnitOfWork.CreatePOsFromICUow', 1, 1)

  INSERT INTO [dbo].[UnitOfWorkKind](UnitOfWorkKindId, WorkflowKindId, UniqueName, AssemblyName, TypeName, ExecutionOrder, IsAsynchronous) VALUES(69, 69, 'CreatePOsFromOE', 'Sage.CA.SBS.ERP.Sage300.PO.Services', 'Sage.CA.SBS.ERP.Sage300.PO.Services.UnitOfWork.CreatePOsFromOEUow', 1, 1)
  INSERT INTO [dbo].[UnitOfWorkKind](UnitOfWorkKindId, WorkflowKindId, UniqueName, AssemblyName, TypeName, ExecutionOrder, IsAsynchronous) VALUES(70, 70, 'OEFlagPrintedRecord', 'Sage.CA.SBS.ERP.Sage300.OE.Services', 'Sage.CA.SBS.ERP.Sage300.OE.Services.UnitOfWork.FlagPrintedRecordUow', 1, 1)
	INSERT INTO [dbo].[UnitOfWorkKind](UnitOfWorkKindId, WorkflowKindId, UniqueName, AssemblyName, TypeName, ExecutionOrder, IsAsynchronous) VALUES(71, 71, 'OrderConfirmationEmail', 'Sage.CA.SBS.ERP.Sage300.OE.Services', 'Sage.CA.SBS.ERP.Sage300.OE.Services.UnitOfWork.OrderConfirmationEmailUow', 1, 0)
	INSERT INTO [dbo].[UnitOfWorkKind](UnitOfWorkKindId, WorkflowKindId, UniqueName, AssemblyName, TypeName, ExecutionOrder, IsAsynchronous) VALUES(72, 72, 'QuoteEmail', 'Sage.CA.SBS.ERP.Sage300.OE.Services', 'Sage.CA.SBS.ERP.Sage300.OE.Services.UnitOfWork.QuoteEmailUow', 1, 0)
  INSERT INTO [dbo].[UnitOfWorkKind](UnitOfWorkKindId, WorkflowKindId, UniqueName, AssemblyName, TypeName, ExecutionOrder, IsAsynchronous) VALUES(73, 73, 'ICProcessTransaction', 'Sage.CA.SBS.ERP.Sage300.IC.Services', 'Sage.CA.SBS.ERP.Sage300.IC.Services.UnitOfWork.ProcessTransactionUow', 1, 1)
  INSERT INTO [dbo].[UnitOfWorkKind](UnitOfWorkKindId, WorkflowKindId, UniqueName, AssemblyName, TypeName, ExecutionOrder, IsAsynchronous) VALUES(74, 74, 'PurchaseOrderReport', 'Sage.CA.SBS.ERP.Sage300.PO.Services', 'Sage.CA.SBS.ERP.Sage300.PO.Services.UnitOfWork.MarkDocumentPrintedUow', 1, 1)  
  	INSERT INTO [dbo].[UnitOfWorkKind](UnitOfWorkKindId, WorkflowKindId, UniqueName, AssemblyName, TypeName, ExecutionOrder, IsAsynchronous) VALUES(75, 75, 'ICUpdateItemPricing', 'Sage.CA.SBS.ERP.Sage300.IC.Services', 'Sage.CA.SBS.ERP.Sage300.IC.Services.UnitOfWork.UpdateItemPricingUow', 1, 1)  
	INSERT INTO [dbo].[UnitOfWorkKind](UnitOfWorkKindId, WorkflowKindId, UniqueName, AssemblyName, TypeName, ExecutionOrder, IsAsynchronous) VALUES(76, 76, 'GenerateInventoryWorksheet', 'Sage.CA.SBS.ERP.Sage300.IC.Services', 'Sage.CA.SBS.ERP.Sage300.IC.Services.UnitOfWork.GenerateInventoryWorksheetUow', 1, 1)	
  INSERT INTO [dbo].[UnitOfWorkKind](UnitOfWorkKindId, WorkflowKindId, UniqueName, AssemblyName, TypeName, ExecutionOrder, IsAsynchronous) VALUES(77, 77, 'PurchaseOrderEmail', 'Sage.CA.SBS.ERP.Sage300.PO.Services', 'Sage.CA.SBS.ERP.Sage300.PO.Services.UnitOfWork.PurchaseOrderEmailUow', 1, 1)    	
  INSERT INTO [dbo].[UnitOfWorkKind](UnitOfWorkKindId, WorkflowKindId, UniqueName, AssemblyName, TypeName, ExecutionOrder, IsAsynchronous) VALUES(78, 78, 'CreatePOsFromRequisition', 'Sage.CA.SBS.ERP.Sage300.PO.Services', 'Sage.CA.SBS.ERP.Sage300.PO.Services.UnitOfWork.CreatePOsFromRequisitionUow', 1, 1)
  	INSERT INTO [dbo].[UnitOfWorkKind](UnitOfWorkKindId, WorkflowKindId, UniqueName, AssemblyName, TypeName, ExecutionOrder, IsAsynchronous) VALUES(79, 79, 'OEQuoteProcess', 'Sage.CA.SBS.ERP.Sage300.OE.Services', 'Sage.CA.SBS.ERP.Sage300.OE.Services.UnitOfWork.QuoteProcessUow', 1, 1)
	INSERT INTO [dbo].[UnitOfWorkKind](UnitOfWorkKindId, WorkflowKindId, UniqueName, AssemblyName, TypeName, ExecutionOrder, IsAsynchronous) VALUES(80, 80, 'OrderConfirmationReportProcess', 'Sage.CA.SBS.ERP.Sage300.OE.Services', 'Sage.CA.SBS.ERP.Sage300.OE.Services.UnitOfWork.OrderConfirmationProcessUow', 1, 1)
	INSERT INTO [dbo].[UnitOfWorkKind](UnitOfWorkKindId, WorkflowKindId, UniqueName, AssemblyName, TypeName, ExecutionOrder, IsAsynchronous) VALUES(81, 81, 'PoReturnReportServices', 'Sage.CA.SBS.ERP.Sage300.PO.Services', 'Sage.CA.SBS.ERP.Sage300.PO.Services.UnitOfWork.ReturnReportProcessUow', 1, 1)
	INSERT INTO [dbo].[UnitOfWorkKind](UnitOfWorkKindId, WorkflowKindId, UniqueName, AssemblyName, TypeName, ExecutionOrder, IsAsynchronous) VALUES(82, 82, 'OEInvoiceReportProcess', 'Sage.CA.SBS.ERP.Sage300.OE.Services', 'Sage.CA.SBS.ERP.Sage300.OE.Services.UnitOfWork.InvoiceProcessUow', 1, 1)
		INSERT INTO [dbo].[UnitOfWorkKind](UnitOfWorkKindId, WorkflowKindId, UniqueName, AssemblyName, TypeName, ExecutionOrder, IsAsynchronous) VALUES(83, 83, 'PoMailingLabelServices', 'Sage.CA.SBS.ERP.Sage300.PO.Services', 'Sage.CA.SBS.ERP.Sage300.PO.Services.UnitOfWork.MailinglabelServiceUow', 1, 1)
  INSERT INTO [dbo].[UnitOfWorkKind](UnitOfWorkKindId, WorkflowKindId, UniqueName, AssemblyName, TypeName, ExecutionOrder, IsAsynchronous) VALUES(84, 84, 'ReturnReportEmail', 'Sage.CA.SBS.ERP.Sage300.PO.Services', 'Sage.CA.SBS.ERP.Sage300.PO.Services.UnitOfWork.ReturnReportEmailUow', 1, 1)
  INSERT INTO [dbo].[UnitOfWorkKind](UnitOfWorkKindId, WorkflowKindId, UniqueName, AssemblyName, TypeName, ExecutionOrder, IsAsynchronous) VALUES(85, 85, 'InventoryReconciliationPosting', 'Sage.CA.SBS.ERP.Sage300.IC.Services', 'Sage.CA.SBS.ERP.Sage300.IC.Services.UnitOfWork.InventoryReconPostingUow', 1, 1)    	
	INSERT INTO [dbo].[UnitOfWorkKind](UnitOfWorkKindId, WorkflowKindId, UniqueName, AssemblyName, TypeName, ExecutionOrder, IsAsynchronous) VALUES(86, 86, 'OEShippingLabelProcess', 'Sage.CA.SBS.ERP.Sage300.OE.Services', 'Sage.CA.SBS.ERP.Sage300.OE.Services.UnitOfWork.ShippingLabelProcessUow', 1, 1)
	INSERT INTO [dbo].[UnitOfWorkKind](UnitOfWorkKindId, WorkflowKindId, UniqueName, AssemblyName, TypeName, ExecutionOrder, IsAsynchronous) VALUES(87, 87, 'OEInvoiceReportEmail', 'Sage.CA.SBS.ERP.Sage300.OE.Services', 'Sage.CA.SBS.ERP.Sage300.OE.Services.UnitOfWork.InvoiceEmailUow', 1, 0)		
	INSERT INTO [dbo].[UnitOfWorkKind](UnitOfWorkKindId, WorkflowKindId, UniqueName, AssemblyName, TypeName, ExecutionOrder, IsAsynchronous) VALUES(88, 88, 'OECreditDebitReportEmail', 'Sage.CA.SBS.ERP.Sage300.OE.Services', 'Sage.CA.SBS.ERP.Sage300.OE.Services.UnitOfWork.CreditDebitEmailUow', 1, 0)	
	INSERT INTO [dbo].[UnitOfWorkKind](UnitOfWorkKindId, WorkflowKindId, UniqueName, AssemblyName, TypeName, ExecutionOrder, IsAsynchronous) VALUES(89, 89, 'OECreditDebitProcess', 'Sage.CA.SBS.ERP.Sage300.OE.Services', 'Sage.CA.SBS.ERP.Sage300.OE.Services.UnitOfWork.CreditDebitProcessUow', 1, 0)
INSERT INTO [dbo].[UnitOfWorkKind](UnitOfWorkKindId, WorkflowKindId, UniqueName, AssemblyName, TypeName, ExecutionOrder, IsAsynchronous) VALUES(90, 90, 'PoRequisitionReportProcess', 'Sage.CA.SBS.ERP.Sage300.PO.Services', 'Sage.CA.SBS.ERP.Sage300.PO.Services.UnitOfWork.RequisitionReportProcessUow', 1, 1)    	  	
	INSERT INTO [dbo].[UnitOfWorkKind](UnitOfWorkKindId, WorkflowKindId, UniqueName, AssemblyName, TypeName, ExecutionOrder, IsAsynchronous) VALUES(91, 91, 'PoMailingProcessService', 'Sage.CA.SBS.ERP.Sage300.PO.Services', 'Sage.CA.SBS.ERP.Sage300.PO.Services.UnitOfWork.MailinglabelProcessServiceUow', 1, 1)
	INSERT INTO [dbo].[UnitOfWorkKind](UnitOfWorkKindId, WorkflowKindId, UniqueName, AssemblyName, TypeName, ExecutionOrder, IsAsynchronous) VALUES(92, 92, 'OEPickingSlipReportProcess', 'Sage.CA.SBS.ERP.Sage300.OE.Services', 'Sage.CA.SBS.ERP.Sage300.OE.Services.UnitOfWork.PickingSlipProcessUow', 1, 1)
INSERT INTO [dbo].[UnitOfWorkKind](UnitOfWorkKindId, WorkflowKindId, UniqueName, AssemblyName, TypeName, ExecutionOrder, IsAsynchronous) VALUES(93, 93, 'ICMarkLabelsPrinted', 'Sage.CA.SBS.ERP.Sage300.IC.Services', 'Sage.CA.SBS.ERP.Sage300.IC.Services.UnitOfWork.MarkLabelsPrintedUow', 1, 1)
	INSERT INTO [dbo].[UnitOfWorkKind](UnitOfWorkKindId, WorkflowKindId, UniqueName, AssemblyName, TypeName, ExecutionOrder, IsAsynchronous) VALUES(94, 94, 'ICProcessAdjustment', 'Sage.CA.SBS.ERP.Sage300.IC.Services', 'Sage.CA.SBS.ERP.Sage300.IC.Services.UnitOfWork.ProcessAdjustmentUow', 1, 1)
		INSERT INTO [dbo].[UnitOfWorkKind](UnitOfWorkKindId, WorkflowKindId, UniqueName, AssemblyName, TypeName, ExecutionOrder, IsAsynchronous) VALUES(95, 95, 'GLClearHistory', 'Sage.CA.SBS.ERP.Sage300.GL.Services', 'Sage.CA.SBS.ERP.Sage300.GL.Services.UnitOfWork.ClearHistoryUow', 1, 1)	
	INSERT INTO [dbo].[UnitOfWorkKind](UnitOfWorkKindId, WorkflowKindId, UniqueName, AssemblyName, TypeName, ExecutionOrder, IsAsynchronous) VALUES(96, 96, 'AP Revaluation', 'Sage.CA.SBS.ERP.Sage300.AP.Services', 'Sage.CA.SBS.ERP.Sage300.AP.Services.UnitOfWork.RevaluationUow', 1, 1)
	INSERT INTO [dbo].[UnitOfWorkKind](UnitOfWorkKindId, WorkflowKindId, UniqueName, AssemblyName, TypeName, ExecutionOrder, IsAsynchronous) VALUES(97, 97, 'AR Revaluation', 'Sage.CA.SBS.ERP.Sage300.AR.Services', 'Sage.CA.SBS.ERP.Sage300.AR.Services.UnitOfWork.RevaluationUow', 1, 1)
INSERT INTO [dbo].[UnitOfWorkKind](UnitOfWorkKindId, WorkflowKindId, UniqueName, AssemblyName, TypeName, ExecutionOrder, IsAsynchronous) VALUES(98, 98, 'PoReceivingSlipReportProcess', 'Sage.CA.SBS.ERP.Sage300.PO.Services', 'Sage.CA.SBS.ERP.Sage300.PO.Services.UnitOfWork.ReceivingSlipReportProcessUow', 1, 1)    	  

INSERT INTO [dbo].[UnitOfWorkKind](UnitOfWorkKindId, WorkflowKindId, UniqueName, AssemblyName, TypeName, ExecutionOrder, IsAsynchronous) VALUES(100, 100, 'GLCreateAllocationBatch', 'Sage.CA.SBS.ERP.Sage300.GL.Services', 'Sage.CA.SBS.ERP.Sage300.GL.Services.UnitOfWork.CreateAllocationBatchUow', 1, 1)
INSERT INTO [dbo].[UnitOfWorkKind](UnitOfWorkKindId, WorkflowKindId, UniqueName, AssemblyName, TypeName, ExecutionOrder, IsAsynchronous) VALUES(101, 101, 'BKBankDepositPrintingFunction', 'Sage.CA.SBS.ERP.Sage300.CS.Services', 'Sage.CA.SBS.ERP.Sage300.CS.Services.UnitOfWork.BankDepositPrintingFunctionUow', 1, 1)    	  		
INSERT INTO [dbo].[UnitOfWorkKind](UnitOfWorkKindId, WorkflowKindId, UniqueName, AssemblyName, TypeName, ExecutionOrder, IsAsynchronous) VALUES(102, 102, 'APDeleteInactiveRecord', 'Sage.CA.SBS.ERP.Sage300.AP.Services', 'Sage.CA.SBS.ERP.Sage300.AP.Services.UnitOfWork.DeleteInactiveRecordUow', 1, 1)
INSERT INTO [dbo].[UnitOfWorkKind](UnitOfWorkKindId, WorkflowKindId, UniqueName, AssemblyName, TypeName, ExecutionOrder, IsAsynchronous) VALUES(103, 103, 'DeleteInactiveRecord', 'Sage.CA.SBS.ERP.Sage300.IC.Services', 'Sage.CA.SBS.ERP.Sage300.IC.Services.UnitOfWork.DeleteInactiveRecordUow', 1, 1)
	INSERT INTO [dbo].[UnitOfWorkKind](UnitOfWorkKindId, WorkflowKindId, UniqueName, AssemblyName, TypeName, ExecutionOrder, IsAsynchronous) VALUES(104, 104, 'ICClearHistory', 'Sage.CA.SBS.ERP.Sage300.IC.Services', 'Sage.CA.SBS.ERP.Sage300.IC.Services.UnitOfWork.ClearHistoryUow', 1, 1)
	INSERT INTO [dbo].[UnitOfWorkKind](UnitOfWorkKindId, WorkflowKindId, UniqueName, AssemblyName, TypeName, ExecutionOrder, IsAsynchronous) VALUES(105, 105, 'ICCopyItemPricing', 'Sage.CA.SBS.ERP.Sage300.IC.Services', 'Sage.CA.SBS.ERP.Sage300.IC.Services.UnitOfWork.CopyItemPricingUow', 1, 1)    
INSERT INTO [dbo].[UnitOfWorkKind](UnitOfWorkKindId, WorkflowKindId, UniqueName, AssemblyName, TypeName, ExecutionOrder, IsAsynchronous) VALUES(106, 106, 'RefundBatchList', 'Sage.CA.SBS.ERP.Sage300.AR.Services', 'Sage.CA.SBS.ERP.Sage300.AR.Services.UnitOfWork.RefundBatchListUow', 1, 1)
INSERT INTO [dbo].[UnitOfWorkKind](UnitOfWorkKindId, WorkflowKindId, UniqueName, AssemblyName, TypeName, ExecutionOrder, IsAsynchronous) VALUES(108, 108, 'GLCreateAccount', 'Sage.CA.SBS.ERP.Sage300.GL.Services', 'Sage.CA.SBS.ERP.Sage300.GL.Services.UnitOfWork.CreateAccountUow', 1, 1)
INSERT INTO [dbo].[UnitOfWorkKind](UnitOfWorkKindId, WorkflowKindId, UniqueName, AssemblyName, TypeName, ExecutionOrder, IsAsynchronous) VALUES(115, 115, 'ARCreateRecurringCharge', 'Sage.CA.SBS.ERP.Sage300.AR.Services', 'Sage.CA.SBS.ERP.Sage300.AR.Services.UnitOfWork.CreateRecurringChargeUow', 1, 1)
INSERT INTO [dbo].[UnitOfWorkKind](UnitOfWorkKindId, WorkflowKindId, UniqueName, AssemblyName, TypeName, ExecutionOrder, IsAsynchronous) VALUES(116, 116, 'ICQuarantineRelease', 'Sage.CA.SBS.ERP.Sage300.IC.Services', 'Sage.CA.SBS.ERP.Sage300.IC.Services.UnitOfWork.QuarantineReleaseUow', 1, 1)
	INSERT INTO [dbo].[UnitOfWorkKind](UnitOfWorkKindId, WorkflowKindId, UniqueName, AssemblyName, TypeName, ExecutionOrder, IsAsynchronous) VALUES(117, 117, 'ARCreateRetainageBatch', 'Sage.CA.SBS.ERP.Sage300.AR.Services', 'Sage.CA.SBS.ERP.Sage300.AR.Services.UnitOfWork.CreateRetainageBatchUow', 1, 1)
INSERT INTO [dbo].[UnitOfWorkKind](UnitOfWorkKindId, WorkflowKindId, UniqueName, AssemblyName, TypeName, ExecutionOrder, IsAsynchronous) VALUES(118, 118, 'APCreateRetainageDocumentBatch', 'Sage.CA.SBS.ERP.Sage300.AP.Services', 'Sage.CA.SBS.ERP.Sage300.AP.Services.UnitOfWork.CreateRetainageDocumentBatchUow', 1, 1)
INSERT INTO [dbo].[UnitOfWorkKind](UnitOfWorkKindId, WorkflowKindId, UniqueName, AssemblyName, TypeName, ExecutionOrder, IsAsynchronous) VALUES(119, 119, 'ARCreateWriteOffBatch', 'Sage.CA.SBS.ERP.Sage300.AR.Services', 'Sage.CA.SBS.ERP.Sage300.AR.Services.UnitOfWork.CreateWriteOffBatchUow', 1, 1)
    INSERT INTO [dbo].[UnitOfWorkKind](UnitOfWorkKindId, WorkflowKindId, UniqueName, AssemblyName, TypeName, ExecutionOrder, IsAsynchronous) VALUES(120, 120, 'ARClearHistory', 'Sage.CA.SBS.ERP.Sage300.AR.Services', 'Sage.CA.SBS.ERP.Sage300.AR.Services.UnitOfWork.ClearHistoryUow', 1, 1) 
INSERT INTO [dbo].[UnitOfWorkKind](UnitOfWorkKindId, WorkflowKindId, UniqueName, AssemblyName, TypeName, ExecutionOrder, IsAsynchronous) VALUES(121, 121, 'ARAdjustmentBatchList', 'Sage.CA.SBS.ERP.Sage300.AR.Services', 'Sage.CA.SBS.ERP.Sage300.AR.Services.UnitOfWork.AdjustmentBatchListUow', 1, 1)
INSERT INTO [dbo].[UnitOfWorkKind](UnitOfWorkKindId, WorkflowKindId, UniqueName, AssemblyName, TypeName, ExecutionOrder, IsAsynchronous) VALUES(123, 123, 'ICSerialRegistration', 'Sage.CA.SBS.ERP.Sage300.IC.Services', 'Sage.CA.SBS.ERP.Sage300.IC.Services.UnitOfWork.SerialRegistrationUow', 1, 1)
INSERT INTO [dbo].[UnitOfWorkKind](UnitOfWorkKindId, WorkflowKindId, UniqueName, AssemblyName, TypeName, ExecutionOrder, IsAsynchronous) VALUES(124, 124, 'APClearStatistic', 'Sage.CA.SBS.ERP.Sage300.AP.Services', 'Sage.CA.SBS.ERP.Sage300.AP.Services.UnitOfWork.ClearStatisticUow', 1, 1)
	INSERT INTO [dbo].[UnitOfWorkKind](UnitOfWorkKindId, WorkflowKindId, UniqueName, AssemblyName, TypeName, ExecutionOrder, IsAsynchronous) VALUES(127, 127, 'ARDeleteInactiveRecord','Sage.CA.SBS.ERP.Sage300.AR.Services', 'Sage.CA.SBS.ERP.Sage300.AR.Services.UnitOfWork.DeleteInactiveRecordUow', 1, 1)
	INSERT INTO [dbo].[UnitOfWorkKind](UnitOfWorkKindId, WorkflowKindId, UniqueName, AssemblyName, TypeName, ExecutionOrder, IsAsynchronous) VALUES(128, 128, 'ARClearStatistic', 'Sage.CA.SBS.ERP.Sage300.AR.Services', 'Sage.CA.SBS.ERP.Sage300.AR.Services.UnitOfWork.ClearStatisticUow', 1, 1)
	INSERT INTO [dbo].[UnitOfWorkKind](UnitOfWorkKindId, WorkflowKindId, UniqueName, AssemblyName, TypeName, ExecutionOrder, IsAsynchronous) VALUES(130, 130, 'APClearHistory', 'Sage.CA.SBS.ERP.Sage300.AP.Services', 'Sage.CA.SBS.ERP.Sage300.AP.Services.UnitOfWork.ClearHistoryUow', 1, 1)
	INSERT INTO [dbo].[UnitOfWorkKind](UnitOfWorkKindId, WorkflowKindId, UniqueName, AssemblyName, TypeName, ExecutionOrder, IsAsynchronous) VALUES(133, 133, 'APAdjustmentBatchList', 'Sage.CA.SBS.ERP.Sage300.AP.Services', 'Sage.CA.SBS.ERP.Sage300.AP.Services.UnitOfWork.AdjustmentBatchListUow', 1, 1)
	INSERT INTO [dbo].[UnitOfWorkKind](UnitOfWorkKindId, WorkflowKindId, UniqueName, AssemblyName, TypeName, ExecutionOrder, IsAsynchronous) VALUES(134, 134, 'GLConsolidatePostedTransaction', 'Sage.CA.SBS.ERP.Sage300.GL.Services', 'Sage.CA.SBS.ERP.Sage300.GL.Services.UnitOfWork.ConsolidatedPostedTransactionUow', 1, 1)
	INSERT INTO [dbo].[UnitOfWorkKind](UnitOfWorkKindId, WorkflowKindId, UniqueName, AssemblyName, TypeName, ExecutionOrder, IsAsynchronous) VALUES(135, 135, 'ARUpdateRecurringCharge', 'Sage.CA.SBS.ERP.Sage300.AR.Services', 'Sage.CA.SBS.ERP.Sage300.AR.Services.UnitOfWork.ProcessUpdateRecurringChargeUow', 1, 1)

END
GO

SET IDENTITY_INSERT UnitOfWorkKind OFF
GO